GQkZt,474,390,107,vUb5D,Fzcm4
rqdrf,905,493,988,555QU,NyUS5
lbBlj,725,540,75,zKoet,jUN7Z
F7yuC,199,155,148,HFTWL,cnWL2
4jYlX,226,426,330,824kX,Lu1MP
jkPVt,565,399,205,UneyJ,GYO4x
lOTiN,132,890,221,kJ0oz,sTfUG
RffUB,311,834,838,XXtm7,5zUkg
Ss5Fb,732,77,485,y9xNr,Xg5A6
6ePHn,965,411,749,jnJXL,xvGf9
xFupg,940,385,174,LzkQQ,lVDgW
jGg5C,733,108,883,ziWmf,E4vPf
yiKA6,217,887,405,N1wyG,XAeDW
X507X,771,396,987,gU1Bx,t3gk5
bq8rg,966,717,368,ixCGt,1tbpe
jNioQ,458,160,106,pwEMD,iWx5G
RJhcr,270,249,823,guNu0,dsiCd
lqFVf,824,416,835,aqfqo,vKdH9
Te6gq,552,465,36,SXAVv,KLo56
ActPC,311,239,615,SSF0M,lHJzq
G4TLw,93,440,31,uLnVg,8ReJA
QTu9n,663,592,48,uv73n,sEDFu
5XTJf,28,462,416,jZ3HZ,liZfY
8Akq0,317,584,25,OKaLZ,WlYYB
5Sov6,264,172,732,DfTFj,Wu771
vTAAm,524,634,74,T6oQI,kWjBo
AtwcN,940,590,580,u72At,RzRlt
b9h0n,605,31,165,ic4Xe,LtVyb
LaFwk,826,336,964,0suvZ,6I2DW
HLeJu,207,491,827,VYukl,jq1td
GfFuR,293,784,129,7lab0,jOKbW
dAqvl,660,536,233,xyeAj,tbw1f
Yirdj,238,907,742,euOgd,4qI55
1JS1M,575,593,904,2lgT8,zqVFQ
UkrV8,38,921,892,539Di,t8Hx6
lIvIL,752,213,108,89yCp,0q7sj
wZ9LN,980,132,891,ZmA84,MhOd5
mEPcm,355,241,774,BPkxx,5Uawx
PWATH,734,934,37,rO6Pk,arCkQ
ltODe,767,357,101,qMFX1,fKKet
mhZj4,655,345,570,DYzgl,Dg4An
0itaW,878,104,573,AuE43,AqvNn
TFUBH,27,672,478,hWxRi,kvDfS
hiCmR,127,84,944,mzPtL,ihi6j
UGW10,666,919,810,qJwcs,z6gyI
F3bHx,250,497,850,tOPAX,cj9s7
7vXMf,634,14,845,jP145,caCTP
itiPD,945,276,483,AGWE2,FinG7
oRmfd,122,459,408,RP5SB,2c2S5
yWjo2,485,842,169,dHPpJ,jdy5I
jhT8L,604,944,165,uSN8x,eM889
1MFrp,74,330,632,OlGJC,BpqB7
sqSRU,896,954,984,R8t4e,Btfhd
PgJm6,805,337,859,niTSS,UqaKm
pnv0Y,125,714,867,Whpx7,bwlMd
TvGar,820,846,359,WB8mn,MZiX7
dzpsV,611,245,795,73VlF,KmDwI
lBL7R,694,138,915,iyvR7,Kqvjn
u1hVX,991,152,944,02BSe,4AQQB
797My,568,716,785,voKSD,W7AdC
Au0N6,658,14,965,fX9Kr,0kmxh
T0zG2,17,481,811,53nLq,pG5ao
ewrYU,917,830,243,oPDcn,wcyGa
VBFBw,432,677,759,gzY8R,98FbP
PCVRB,82,374,470,MF59A,Jw5Od
S0RLC,531,532,568,WoBo8,yPiN2
KmdBB,58,596,493,IwVjc,nrXDw
4ExXN,374,897,497,nJfEZ,s7bOd
qcZeU,67,644,573,eAQNz,zweJV
F5Ct8,803,948,81,DDnfH,EcSHu
m9w6K,837,90,426,mhJxs,D3jVi
RHY4d,343,678,987,mzGwy,AwMaO
lekS6,369,528,323,8Gvrl,ysmen
0xWu0,499,834,589,qEmWj,CRExX
1JqHU,269,119,679,B763X,BhHMU
kkWzn,53,228,494,rd5un,JREqI
NvGuQ,756,778,887,XjW73,jSfAh
dGPxL,687,873,631,Q4U53,py2ys
n5gSn,268,889,979,hNpOH,ITOBj
1eCCO,378,420,177,i4uAU,uuSFZ
Fj2PW,797,494,803,TEKmH,6Q5kw
x7bsd,118,884,838,5Eteq,Lj3rz
XDhHy,719,608,418,pLTbh,5JyVs
Iu7uf,548,892,801,unnNe,E9HBL
mkxbc,657,519,798,ozfAJ,qNbzl
4GhKK,161,481,728,YyOU6,dGN91
Z8Gfv,872,636,438,LysPi,aDWvo
ql9rm,929,114,692,UFIxC,o9pTb
N6FyE,650,219,266,pSZDN,nfmFC
oN4ir,589,488,779,KHs7C,ywhRI
7FvtT,424,11,134,lQiLW,bB1Vb
RBl6T,459,46,778,UAKbQ,tN1CI
nUoLX,839,492,741,p5Xev,1hbBw
MBXuw,380,597,221,SGkNT,uQGfx
rUHZK,16,75,180,lGI7j,2w8XB
vdvMx,820,851,583,DE9se,jmqiY
EaTlD,798,216,785,mYQhG,3B0Ws
PKtuh,130,343,40,Jgb9D,4ow9U
nElxE,859,843,71,uAU4j,MN7cL
QjES6,706,422,668,77aRG,0vVAn
UJfSy,191,329,679,GsnWz,asAI1
Hcltd,601,937,686,1etRR,vBPom
V5GiP,939,240,607,9687q,JwxeD
